id,title,view,date
0,Is coding worth it in 2024? ðŸ˜¥ | AI better than coders? | Tech Layoffs & Recession,1.1K views,9 hours ago
1,Build a Food Delivery Website using React.js | MERN Stack Projects | GeeksforGeeks,1.1K views,1 day ago
2,5 Ways to Prepare for Layoffs in 2024! | AI Tools | Upskilling | Side Hustles,1.1K views,2 days ago
3,Build a 3D Solar System App for Vision Pro | Xcode15 | Vision Pro App Development | GeeksforGeeks,784 views,4 days ago
4,"Get Hired From Linkedin in 2024 | Best Linkedin Profile Creation | Skills, Experiences & NetworkingðŸš€",2.4K views,5 days ago
5,High-Paying Tech Jobs Using AI | AI Tools for Coders | Geeks for Geeks,1.8K views,7 days ago
6,Web Dev vs App Dev in 2024? Which has more Salary ?ðŸ¤” | Career Scope & Skills | Geeks for Geeks,1.5K views,9 days ago
7,Build a Fitness Tracker Website using React JS |MERN Projects |GeeksforGeeks,1.9K views,11 days ago
8,Top 7 High Paying Tech Jobs in 2024 | Skills and Salary Expected | Geeks for Geeks,13K views,11 days ago
9,GATE AIR 21 Shares her secret to become a GATE Topper | GATE Topper Interview | GeeksforGeeks,844 views,13 days ago
10,5 Ways to Become Top 1% Coders in 2024 | Get Jobs in IT | Geeks for Geeks,1.4K views,13 days ago
11,Build a Vision Pro App from scratch | Vision OS tutorial | No Vision Pro Needed !! GeeksforGeeks,846 views,2 weeks ago
12,Tips to ace your tech job search | Resume tips by expert from @indeedindiaofficial | GeeksforGeeks,685 views,2 weeks ago
13,Three 90 Challenge Back with Benefits | GeeksforGeeks,33K views,2 weeks ago
14,7 JAVASCRIPT Concepts Every DEVELOPER Must Know! | GeeksforGeeks,737 views,3 weeks ago
15,MOVIE RECOMMENDATION SYSTEM Using Machine Learning | Machine Leaning Projects | GeeksforGeeks,1.2K views,3 weeks ago
16,MASTERING RECURSION | Recursive Algorithm | DSA Course | GeeksforGeeks,730 views,3 weeks ago
17,CAP THEOREM Explained! | System Design Course - Lec 4 | GeeksforGeeks,358 views,3 weeks ago
18,Is Software Engineering Dead ? - Meet Devin by Cognition Labs | GeeksforGeeks,1.5K views,4 weeks ago
19,7 BEST AI Tools for Developers in 2024 | GeeksforGeeks,1K views,1 month ago
20,3D PORTFOLIO WEBSITE using React and Three JS | GeeksforGeeks,3.9K views,1 month ago
21,SHARDING and PARTITIONING | Picking the Right DATABASE | System Design Course Lec 3 | GeeksforGeeks,547 views,1 month ago
22,FAKE NEWS DETECTION Using MACHINE LEARNING | Machine Learning Projects | GeeksforGeeks,3.8K views,1 month ago
23,Power of RELATIONAL DATABASE & DATABASE ISOLATION | System Design Course - Lec 2 | GeeksforGeeks,544 views,1 month ago
24,HEART DISEASE DETECTION using MACHINE LEARNING | Machine Learning Projects | GeeksforGeeks,1.5K views,1 month ago
25,DATA SCIENCE PROJECT with JULIUS AI | AI Tools | GeeksforGeeks,926 views,1 month ago
26,WHY LEARN PYTHON in 2024? | Benefits of Learning Python | GeeksforGeeks,1.1K views,1 month ago
27,Doctor Aaye #successsepareshan Rohan ko Dekhne...,224K views,1 month ago
28,ATS Friendly Resume for Placement in 2024!!! GeeksforGeeks,1K views,1 month ago
29,The Secrets of a Good SYSTEM DESIGN | System Design Course - Lec 1 | GeeksforGeeks,915 views,1 month ago
30,React JS Made Easy with ChatGPT | GeeksforGeeks,1.1K views,1 month ago
31,TREE PRACTICE PROBLEMS | Tree Traversal Algorithms | DSA Course | GeeksforGeeks,907 views,1 month ago
32,GATE CS 2024 ANSWER KEY OUT!! Detailed Paper Discussion - Shift 1 | GeeksforGeeks,793 views,1 month ago
33,GATE DS & AI 2024 Response Sheet Out | GATE DS & AI | Data Science GATE Response key | GeeksforGeeks,1K views,1 month ago
34,Kyun Hai Rohan #successsepareshan? | GeeksforGeeks,44K views,1 month ago
35,TREE DATA STRUCTURES | What is Tree? | DSA Course | GeeksforGeeks,1.9K views,1 month ago
36,Three 90 Challenge Extended | 100+ Refunds Processed! | GeeksforGeeks,32K views,2 months ago
37,TYPESCRIPT vs JAVASCRIPT | Which one to Choose? | GeeksforGeeks,734 views,2 months ago
38,Python's Map Function Explained with Examples | Python Tutorial | GeeksforGeeks,979 views,2 months ago
39,Build your own AI image Generation App using MERN | MERN Stack Project | GeeksforGeeks,6.5K views,2 months ago
40,Strategies To Find A Job FAST! | Job Hunt Tips | How People Get Good Jobs | GeeksforGeeks,836 views,2 months ago
41,Make your Resume Strong with these DSA Projects | Best DSA Projects for your Resume | GeeksforGeeks,4.6K views,2 months ago
42,Top TECH TRENDS & CAREERS in 2024!!! GeeksforGeeks,825 views,2 months ago
43,GeeksforGeeks Bloopers!! The Making of Quality Content,700 views,2 months ago
44,APTITUDE & REASONING | GATE 2024 Ultimate Revision | PYQ and Sample Questions GATE,1.6K views,2 months ago
45,Meet The Youngest CTO Of India- Shivansh Saxena | GeeksforGeeks,3.5K views,2 months ago
46,Top 3 Things College Students FEAR!!,115K views,2 months ago
47,DATA SCIENCE PROJECTS Made Easy with COLAB AI | Generative AI | GeeksforGeeks,1.5K views,2 months ago
48,Top VS Code Extensions for Web Developer in 2024!! GeeksforGeeks,1.5K views,2 months ago
49,LINKED LIST PRACTICE QUESTIONS | Operations on Linked List | DSA Problems | GeeksforGeeks,1.7K views,3 months ago
50,Three 90 Challenge - Q&A with Sandeep Jain Sir | GeeksforGeeks #commitwithgfg,4.2K views,3 months ago
51,"Secrets to CONSISTENCY, COMMITMENT, and CAREER SUCCESS! #commitwithgfg",2.2K views,3 months ago
52,2024 Will be the YEAR for CODERS!! #commitwithgfg,1.4K views,3 months ago
53,WHAT IS LINKED LIST? | Linked List Data Structures | DSA Course | GeeksforGeeks,2.7K views,3 months ago
54,Three 90 Challenge !! Transform your 2024 with GeeksforGeeks #commitwithgfg,11K views,3 months ago
55,10 Best PROGRAMMING LANGUAGES to Learn in 2024 | GeeksforGeeks,3.1K views,3 months ago
56,5 BEST GITHUB REPOSITORIES Every DEVELOPER Must Know! | GeeksforGeeks,2.2K views,3 months ago
57,Ready to #commitwithgfg ?,27K views,3 months ago
58,How to Use GOOGLE COLAB | Google Colab Tutorials for Beginners | GeeksforGeeks,1.8K views,3 months ago
59,Journey from an SDE at PAYTM to MICROSOFT | Software Developer Experience | GeeksforGeeks,1.6K views,3 months ago
